TransactionId,JacketId,Quantity
439,27,52
41,1,72
39,18,61
529,15,75
650,21,88
489,30,24
317,28,92
19,25,32
112,19,67
846,6,92
370,10,36
723,2,60
194,4,72
124,17,81
213,12,65
978,18,65
395,27,4
901,23,52
116,20,22
858,13,26
785,21,91
173,12,57
992,5,24
824,10,34
901,20,96
485,22,59
526,2,61
527,20,33
571,24,21
763,28,39
785,4,32
727,12,36
553,27,33
595,1,83
938,1,26
487,17,15
178,26,49
547,4,11
766,19,41
386,14,30
619,2,92
869,2,48
45,6,27
431,8,57
249,11,12
319,20,87
96,1,33
269,30,55
572,22,47
317,30,17
599,28,43
673,19,81
317,1,20
963,28,51
546,1,50
413,1,26
364,29,70
991,23,26
471,8,33
489,13,83
133,13,85
543,25,46
280,25,29
537,11,39
954,10,96
768,22,40
765,1,20
528,3,57
929,13,70
996,27,20
60,18,56
803,6,24
793,13,53
171,4,37
693,12,69
27,11,48
178,20,8
813,30,57
7,1,79
361,13,47
679,19,2
137,19,28
401,20,49
568,7,43
330,14,39
864,7,74
907,18,16
891,6,81
429,19,81
877,11,66
923,3,1
969,16,48
858,15,77
282,4,3
342,9,81
254,19,21
858,29,8
25,24,43
738,20,64
744,28,66
727,17,4
594,22,32
270,2,85
889,25,85
676,11,76
309,16,67
310,14,27
134,10,56
717,14,84
460,8,28
179,17,22
355,19,78
808,3,50
828,6,37
149,6,50
503,30,16
653,29,79
619,26,13
291,15,39
385,6,42
946,21,11
841,1,57
592,4,44
468,22,56
863,7,28
99,14,66
101,4,69
948,20,66
440,4,48
808,26,40
170,16,92
441,2,23
157,30,70
464,4,48
17,29,35
393,24,51
20,10,97
728,5,89
20,30,40
14,8,21
90,21,72
66,18,67
693,21,5
246,23,9
351,11,98
525,30,51
830,30,22
67,25,41
928,20,20
29,9,42
634,17,71
986,30,14
928,16,17
333,19,32
405,24,76
415,27,67
677,21,32
884,15,50
589,7,67
20,18,48
490,4,36
345,15,96
91,7,91
159,3,76
422,12,31
211,2,95
987,30,79
53,16,78
694,14,28
697,11,16
21,9,62
215,17,87
831,1,97
298,29,90
27,14,35
373,17,73
901,27,39
560,12,6
100,3,68
588,11,36
599,23,90
263,23,60
995,25,58
100,4,20
447,6,62
865,21,13
179,10,60
700,5,9
324,25,54
487,12,28
982,18,29
692,20,47
37,1,11
374,23,85
810,26,10
65,23,88
971,9,62
366,25,45
876,28,38
792,3,56
70,18,87
811,8,9
938,5,86
703,12,10
638,12,68
386,24,90
193,27,96
64,23,45
51,28,30
237,6,98
269,1,19
830,23,65
90,6,60
49,10,89
282,22,64
48,3,18
940,10,77
384,12,53
957,30,1
695,29,22
582,7,58
374,23,55
955,10,13
4,30,82
5,1,61
166,29,29
707,28,47
327,18,100
176,11,48
854,29,34
879,18,15
123,4,70
69,14,87
409,30,56
495,26,63
61,27,92
469,19,100
830,13,54
849,2,13
521,12,51
294,25,18
52,11,30
800,8,79
49,11,97
612,7,78
479,29,90
700,11,52
326,29,43
464,16,43
119,24,44
222,8,39
811,28,92
497,26,56
311,28,17
863,16,18
452,23,35
344,11,89
522,7,44
374,30,78
186,3,91
335,2,69
984,22,41
927,20,43
922,9,40
999,12,40
979,20,45
694,22,75
450,12,90
53,4,33
155,4,56
219,1,51
633,4,82
333,4,44
631,17,95
43,30,22
783,9,78
853,23,63
666,25,60
692,18,41
285,8,59
226,25,12
847,22,93
313,23,60
582,27,15
829,17,40
988,23,95
174,11,52
638,5,38
310,20,20
578,9,57
160,12,43
102,10,63
400,7,76
969,14,71
835,16,65
62,8,97
724,10,78
951,13,3
790,5,7
568,13,24
300,19,55
354,10,88
269,3,14
30,10,6
479,18,38
527,22,90
545,25,66
133,3,77
780,20,90
676,29,3
889,27,21
954,18,44
154,21,60
856,12,26
326,14,25
104,1,17
971,1,92
770,22,24
885,22,1
415,20,61
738,23,22
417,30,53
417,6,98
232,21,46
709,5,13
267,1,21
776,15,79
656,22,35
859,29,93
727,26,53
240,20,35
94,2,72
963,22,20
693,4,10
36,18,41
897,19,52
765,29,95
273,17,79
818,21,11
223,17,84
16,7,47
864,6,20
357,8,70
759,27,90
646,3,4
92,8,5
227,18,43
222,27,52
166,26,44
210,27,69
176,14,11
595,16,7
992,16,36
820,10,67
418,3,77
562,25,2
617,28,58
958,21,58
187,14,53
15,15,86
213,22,3
107,11,92
178,8,31
234,24,22
919,24,43
189,13,42
245,12,21
571,12,71
944,25,29
88,30,86
974,5,31
485,30,45
149,8,59
578,7,48
340,30,87
652,5,52
614,28,29
470,28,30
159,26,94
231,7,63
910,28,98
475,19,36
26,15,17
862,29,10
419,15,78
19,15,3
778,10,91
336,21,7
1,13,79
288,13,34
381,24,39
952,18,85
950,17,6
602,3,72
487,30,53
308,14,40
812,13,58
62,28,60
813,27,66
313,28,82
700,14,43
737,19,60
979,29,59
142,14,11
135,17,83
948,7,36
920,13,71
65,30,31
248,24,50
448,27,28
483,1,66
450,5,66
473,24,59
917,11,88
723,24,39
954,23,8
845,14,32
950,5,62
15,29,40
656,19,53
60,3,20
383,27,50
766,22,93
919,4,48
789,12,42
580,16,20
746,26,98
142,12,95
30,13,5
121,27,62
952,7,15
60,30,86
566,10,30
859,20,71
655,8,28
134,17,28
921,6,30
277,3,77
23,11,49
350,16,1
976,30,18
615,25,66
632,3,42
620,5,96
816,16,5
403,18,17
61,23,85
390,20,72
437,19,61
840,12,38
784,2,92
500,16,84
27,29,75
927,22,84
300,26,77
217,21,74
84,26,86
532,5,16
767,26,34
860,15,31
987,30,43
988,1,87
2,30,71
813,24,89
151,16,80
633,3,39
500,14,15
505,2,46
125,6,24
553,15,22
268,13,10
662,12,15
36,12,24
743,15,56
496,7,81
486,7,32
206,29,75
475,20,72
548,20,90
893,17,60
115,21,95
748,12,84
557,24,42
579,17,67
210,4,4
78,30,14
377,14,33
22,10,61
29,28,69
298,24,61
75,7,1
521,29,77
546,8,24
948,15,51
491,7,48
735,15,6
299,25,55
251,14,24
850,9,47
894,16,5
928,1,57
478,19,30
298,22,88
591,3,66
549,9,24
122,30,81
804,30,11
648,13,91
830,24,55
965,5,67
599,11,56
926,5,95
938,30,30
833,2,10
658,17,81
518,29,67
622,3,2
384,2,73
627,18,60
19,7,87
794,3,64
580,24,60
155,18,69
369,27,87
815,15,18
638,26,55
453,17,56
825,9,45
267,14,77
242,2,34
888,25,45
785,29,97
300,10,21
748,5,89
231,5,99
12,18,35
897,13,72
275,12,72
231,26,12
359,9,81
753,8,81
968,1,53
728,13,7
772,3,89
876,10,63
578,10,81
937,23,99
249,20,90
161,8,48
577,1,71
19,28,39
22,14,12
538,3,49
532,22,61
19,13,72
265,10,2
309,4,59
460,11,95
4,25,64
81,18,27
670,11,84
73,27,70
205,4,78
358,19,36
450,15,20
10,28,24
777,18,93
427,6,22
372,24,76
627,5,65
495,21,55
423,6,71
651,11,7
53,7,90
766,14,94
962,8,42
138,26,23
914,12,13
623,15,99
355,16,6
384,4,57
936,21,76
380,4,76
292,26,56
284,15,80
169,19,86
146,18,38
113,2,45
103,17,67
454,27,12
870,1,24
928,25,63
238,24,93
149,7,22
480,6,20
752,30,20
753,25,78
525,16,15
987,29,44
535,9,18
949,13,43
800,10,24
445,21,43
397,6,83
986,14,38
280,11,33
194,18,39
119,24,57
467,14,49
122,9,38
825,14,99
577,19,55
698,14,77
172,20,3
865,30,76
762,15,28
601,18,90
633,14,57
686,16,33
498,9,53
24,7,8
942,24,87
248,19,77
498,21,11
308,15,73
437,30,24
104,1,88
911,22,15
899,25,52
338,10,24
18,7,21
202,5,74
728,16,92
341,2,61
383,24,69
851,21,22
957,12,90
495,6,33
12,30,48
733,17,56
109,5,85
739,9,59
757,4,99
661,22,8
56,23,77
939,17,7
457,27,3
632,24,77
720,28,62
939,6,97
718,26,4
902,22,95
264,2,47
978,19,39
174,28,56
125,1,95
615,21,90
298,16,4
569,29,83
145,30,85
822,21,66
825,10,98
161,18,54
334,12,87
596,2,40
343,20,16
775,21,84
354,6,22
201,26,56
116,3,10
298,7,70
632,8,13
790,14,80
678,18,91
868,22,19
215,18,67
236,27,70
426,5,99
405,30,63
151,30,97
732,7,70
546,16,80
332,25,22
339,28,49
723,14,98
490,15,92
425,15,33
911,25,37
471,10,10
327,29,26
725,5,20
272,23,37
111,24,62
143,2,88
624,20,88
579,23,57
600,18,34
795,18,80
385,28,2
80,24,51
351,11,38
315,23,80
9,12,68
19,2,81
364,19,37
962,2,91
680,15,71
445,13,14
717,5,89
302,25,11
47,16,95
16,19,71
413,27,1
64,25,77
610,9,70
623,15,82
859,1,80
602,18,76
921,7,10
33,28,100
312,17,36
438,13,80
726,24,15
997,13,69
981,25,11
118,1,50
141,9,48
919,4,34
55,25,46
616,3,6
915,9,58
19,6,98
4,8,96
244,27,74
709,21,93
597,5,71
232,30,36
734,30,42
176,11,94
805,14,44
994,3,35
954,17,29
849,30,34
412,24,70
818,7,26
464,19,36
104,20,56
959,12,51
196,24,34
954,15,60
556,17,100
133,10,17
695,1,50
367,23,77
236,1,57
967,25,91
644,24,56
713,6,24
750,22,69
124,19,87
325,12,58
484,9,20
313,7,93
464,14,26
430,8,59
719,11,4
244,24,65
311,20,89
589,27,41
569,22,55
272,27,86
238,20,12
502,12,84
773,29,40
844,5,48
185,20,21
842,9,42
997,5,65
867,2,8
673,5,36
127,14,93
305,5,15
865,9,20
360,21,58
347,15,49
129,1,30
737,23,47
395,6,99
329,25,22
774,1,49
2,10,73
313,9,29
167,7,89
669,26,59
137,10,74
280,8,26
875,12,3
753,7,74
326,12,89
336,19,76
987,19,12
306,28,75
33,30,18
396,15,2
292,18,50
410,15,52
513,15,27
694,19,43
635,14,22
661,1,98
359,25,76
311,6,24
421,23,89
714,15,49
674,5,75
396,22,24
181,8,30
990,7,85
359,1,5
119,4,83
153,18,52
385,3,97
659,9,48
197,4,73
516,15,38
899,25,2
576,6,63
824,15,12
56,17,65
719,17,3
683,1,42
74,5,74
102,8,62
708,24,66
303,5,94
654,19,1
260,15,70
746,29,65
335,13,44
712,12,59
896,23,72
436,14,95
490,22,95
158,17,84
628,30,6
30,16,5
45,2,53
38,29,79
672,15,47
503,26,40
598,13,2
725,24,46
438,28,21
532,21,78
919,29,69
7,12,28
782,3,16
386,13,33
733,16,85
144,7,68
916,19,43
421,12,58
978,9,39
177,8,64
308,27,16
455,4,60
884,19,46
325,26,78
663,1,98
204,28,48
660,8,23
453,17,22
849,23,26
689,2,98
578,21,70
914,15,28
238,28,53
828,27,10
784,11,73
44,10,23
69,4,42
283,5,84
843,14,51
721,15,6
472,13,49
999,9,78
107,7,95
133,13,19
545,17,44
209,12,20
588,13,80
776,14,79
671,14,19
460,26,60
709,8,40
219,24,45
652,11,68
773,7,71
839,19,24
953,11,21
388,20,8
843,28,45
542,11,44
848,20,57
611,3,78
733,28,87
261,25,52
120,7,80
819,26,42
804,16,74
745,6,55
852,27,30
169,24,44
229,26,16
890,11,62
859,23,26
263,14,94
213,25,33
501,20,76
657,29,41
960,10,91
548,1,24
636,9,98
865,8,60
220,6,44
439,17,100
157,21,47
726,30,72
909,1,6
581,28,87
945,25,51
742,28,43
203,29,75
649,19,15
122,30,10
229,11,85
823,12,29
659,7,14
583,22,73
195,18,36
762,9,64
526,29,37
162,27,42
669,8,9
593,17,38
116,1,84
490,26,27
671,20,58
166,22,29
404,14,37
829,1,28
564,2,1
392,21,26
338,8,48
168,3,5
442,11,12
966,7,93
650,24,42
483,17,58
818,2,11
312,16,60
898,27,1
127,2,13
889,23,11
436,14,42
74,23,95
714,16,93
749,19,80
831,27,97
704,17,88
941,17,49
660,9,50
487,14,90
704,22,89
801,11,55
501,8,11
191,12,53
447,7,20
733,23,36
994,7,8
636,3,66
985,6,12
44,21,42
288,13,9
137,21,21
1000,21,60
924,23,75
347,20,28
170,9,84
774,21,48
606,14,52
466,7,1
49,10,36
5,30,97
667,21,4
223,15,89
539,18,37
259,30,26
602,19,73
62,5,97
143,9,3
53,17,63
142,3,27
865,19,19
867,1,52
903,4,60
311,24,100
920,25,59
764,30,26
296,24,83
2,15,64
942,30,37
239,25,48
520,5,89
769,12,95
788,17,50
492,10,30
110,21,90
62,14,88
427,17,25
737,30,99
268,6,70
415,13,60
952,29,39
396,13,24
178,27,84
742,29,16
151,19,20
908,26,69
84,16,42
634,21,85
658,7,89
729,23,92
749,2,1
650,3,26
370,7,34
44,19,85
969,1,98
650,29,16
384,18,55
673,19,3
787,11,98
971,16,90
967,16,45
538,18,64
373,21,73
259,6,74
472,23,75
197,5,35
889,27,86
558,23,69
56,7,12
882,30,70
935,14,34
488,22,93
397,22,47
744,26,39
108,12,27
706,12,94
139,13,30
569,24,4
297,17,16
50,3,82
735,2,93
635,4,34
660,27,65
353,4,18
917,21,2
560,16,79
135,30,92
948,13,53
949,13,64
760,25,7
990,16,15
363,28,40
431,24,62
172,6,99
946,16,69
953,30,1
66,30,17
436,13,72
174,15,28
519,20,14
206,24,53
949,2,82
113,17,62
246,28,26
686,7,53
506,9,80
191,16,87
15,13,14
791,5,52
827,10,33
881,24,10
743,17,10
846,28,30
885,10,23
733,13,99
169,23,51
601,2,63
104,16,43
957,13,77
211,5,75
763,12,46
459,7,93
964,21,97
495,23,47
432,6,39
970,15,92
570,10,49
684,3,79
8,18,93
444,5,86
355,1,46
922,15,65
56,5,9
695,25,55
990,8,39
193,9,16
45,29,87
501,16,80
155,14,23
901,25,86
121,13,21
391,21,72
19,15,61
328,4,6
633,15,19
355,16,36
786,6,2
394,29,93
508,13,48
649,1,5
893,7,36
340,18,42
273,26,3
934,16,89
394,4,75
729,30,12
778,17,15
225,25,61
13,16,96
89,22,86
938,11,30
699,16,24
185,17,90
115,27,6
675,16,3
165,23,96
232,18,83
161,21,64
1,22,39
313,29,59
923,17,68
628,19,8
252,19,43
458,8,76
834,11,45
719,6,89
587,2,5
192,24,42
503,30,41
461,29,79
481,28,20
919,5,29
165,21,7
650,9,3
267,30,43
934,12,75
978,19,33
127,15,69
58,12,42
940,6,18
72,1,48
729,17,38
490,20,62
768,23,4
646,2,26
685,8,20
6,27,100
451,18,65
88,10,61
525,6,18
344,22,1
878,21,87
1000,17,13
39,16,81
178,11,67
866,19,4
609,12,64
897,19,37
316,15,51
591,10,53
309,30,71
601,19,26
98,20,75
407,19,21
486,11,87
423,26,31
507,29,33
70,30,87
705,6,94
646,27,86
566,13,7
811,24,20
143,9,8
970,25,85
566,6,73
612,4,16
154,30,33
699,26,27
669,21,39
319,15,75
507,9,78
569,13,12
544,22,74
994,27,1
526,7,76
577,30,63
373,26,74
929,10,79
340,23,67
903,30,54
954,3,89
670,25,19
902,11,18
755,2,25
925,2,40
648,18,77
400,19,77
332,23,75
435,1,75
33,13,88
741,8,63
501,6,95
749,20,87
958,18,98
533,10,51
986,1,60
658,9,55
116,19,31
914,8,76
120,26,65
998,9,49
415,27,88
411,23,85
132,15,71
830,27,51
843,10,45
102,6,73
48,8,53
358,7,89
708,26,52
555,15,86
734,10,96
909,25,31
573,23,12
89,26,59
757,6,33
724,11,68
34,19,77
423,25,33
58,22,98
647,6,45
386,30,78
817,25,15
608,22,30
146,27,21
953,16,6
915,11,34
348,17,91
870,26,23
685,27,87
684,30,94
363,19,21
543,16,68
440,26,45
795,25,14
688,21,84
964,10,36
435,21,39
826,25,27
600,4,74
579,8,92
673,14,28
979,20,67
156,9,9
468,8,16
872,1,96
205,1,46
71,19,96
544,16,68
568,3,1
769,26,81
790,11,42
681,27,3
954,15,23
930,23,95
830,7,29
367,25,16
779,13,91
172,21,9
410,8,58
115,8,31
916,17,98
388,19,16
141,11,10
419,30,68
163,29,98
115,29,37
308,8,50
790,22,63
901,21,3
192,17,66
926,5,41
967,23,43
84,9,50
92,22,89
67,18,100
367,27,48
214,27,81
321,26,95
147,20,6
740,1,22
880,14,78
947,26,30
106,3,86
924,30,100
256,29,34
723,25,59
174,20,87
59,14,69
782,23,12
636,6,8
101,8,14
841,6,12
2,5,13
564,2,82
965,9,8
154,15,51
68,16,4
833,25,6
482,14,23
72,19,86
991,11,73
857,29,73
182,24,13
351,30,14
970,27,69
876,14,53
543,8,71
862,3,7
657,15,75
707,12,67
157,11,1
373,10,52
996,23,94
578,19,61
319,18,36
778,14,15
341,21,48
4,21,50
833,1,94
367,7,10
574,2,3
387,5,91
884,28,46
958,30,37
449,14,53
617,12,91
160,8,47
721,26,86
421,29,43
430,9,66
433,5,49
781,18,4
67,17,3
849,10,28
173,6,63
510,19,52
470,28,49
72,17,10
638,12,91
60,2,39
918,23,26
173,17,34
56,14,35
423,19,50
752,2,83
62,18,41
872,21,47
583,14,95
69,10,29
345,13,14
79,17,15
251,11,34
830,21,45
608,5,82
339,8,100
719,22,52
935,17,91
265,26,44
362,20,93
834,13,35
364,2,96
358,10,22
744,18,33
755,10,95
448,21,62
216,26,13
778,30,38
69,15,66
574,18,69
680,8,22
117,24,35
496,21,40
763,1,88
929,2,13
930,20,44
400,17,50
254,30,98
71,6,1
239,2,65
338,11,62
286,9,98
538,6,16
921,5,92
820,2,20
306,23,18
249,13,81
968,27,40
96,21,44
735,30,47
363,25,45
373,7,54
87,3,9
830,3,75
956,3,60
509,22,16
726,2,100
635,5,78
859,28,23
560,27,36
480,18,44
938,4,12
898,17,33
535,27,89
843,1,99
583,29,86
593,21,28
561,20,11
110,6,70
790,25,88
654,29,21
72,30,12
118,19,72
523,27,96
881,10,8
365,3,48
577,3,56
572,19,18
846,6,13
868,20,91
913,18,61
140,30,53
497,16,26
623,24,50
34,12,16
376,11,99
919,24,17
264,11,97
170,8,38
230,11,74
486,7,88
551,17,92
289,3,59
999,26,49
46,24,96
995,18,53
508,19,88
179,18,88
97,25,40
701,6,93
725,14,43
70,25,100
427,20,73
65,14,6
111,10,31
25,6,91
549,17,64
224,7,71
318,3,8
31,5,39
934,10,15
908,28,15
608,17,22
186,7,19
809,12,54
396,20,39
12,11,99
844,16,48
37,4,86
158,2,72
746,21,55
213,25,50
114,12,78
271,19,75
206,6,100
282,19,25
258,25,5
933,10,62
321,14,32
839,13,21
148,17,53
731,12,57
543,13,73
590,17,83
365,19,69
887,26,56
293,12,14
620,7,28
665,4,65
8,30,99
491,20,75
283,19,5
375,13,31
31,3,52
490,15,51
672,7,18
725,7,45
689,20,5
398,22,96
998,2,26
833,29,8
573,9,10
869,29,40
977,17,24
988,13,43
241,13,61
393,16,48
448,19,8
90,18,24
748,19,61
845,12,62
553,30,86
732,22,57
37,10,59
79,30,80
850,30,50
25,25,29
881,21,2
521,18,63
495,13,24
784,15,54
782,20,100
730,30,47
879,30,98
776,6,22
338,5,14
692,19,78
325,8,2
53,28,89
659,29,49
775,17,23
403,9,74
658,5,9
627,17,35
975,5,56
324,17,45
438,12,91
355,30,55
863,12,35
637,24,81
571,30,32
364,25,44
304,30,36
484,3,11
605,1,93
436,12,65
251,4,53
946,18,23
669,16,5
308,19,47
637,20,83
216,9,69
623,24,18
194,26,78
163,30,44
836,20,27
182,26,19
358,15,75
652,13,20
308,21,72
55,12,10
433,8,31
11,22,51
5,20,67
486,1,7
722,26,16
181,16,15
651,6,20
431,29,26
69,12,94
208,3,75
366,7,7
276,7,97
277,7,50
378,18,42
410,20,75
844,2,90
718,3,25
270,14,64
39,12,93
715,2,55
600,24,91
583,2,49
584,1,53
508,5,32
249,30,73
44,19,57
643,11,44
721,15,2
863,19,84
58,30,70
277,27,70
209,26,91
644,16,76
685,17,92
333,29,5
399,8,26
662,14,93
652,18,63
183,8,39
208,7,6
175,19,58
934,19,57
367,29,43
103,7,75
107,5,19
686,19,79
145,27,28
68,27,7
806,30,8
817,7,13
777,20,33
569,27,19
867,21,49
405,20,97
447,1,39
673,2,24
377,3,63
651,26,51
834,24,57
938,2,25
471,16,58
61,7,29
123,22,72
140,1,89
28,25,85
233,11,27
98,24,48
532,18,57
682,10,84
410,5,17
756,27,48
115,5,99
303,28,2
549,3,94
555,15,58
334,7,39
317,14,84
49,30,89
52,24,47
789,21,89
64,8,40
78,20,75
864,24,79
377,29,81
885,7,33
909,29,17
337,23,90
787,28,57
496,27,86
612,21,24
643,14,46
228,13,55
992,15,85
605,7,13
251,3,95
439,26,97
631,2,32
911,27,83
483,7,13
22,21,90
878,27,4
962,17,43
211,1,40
824,20,43
285,16,25
969,28,79
832,11,20
659,9,70
49,5,80
94,13,25
295,17,46
249,5,72
792,25,23
562,2,65
303,6,4
107,4,77
236,19,30
81,23,28
583,19,41
820,17,18
620,18,18
427,8,49
291,3,82
885,27,21
78,1,48
833,19,22
282,12,76
791,7,13
322,1,37
674,22,58
46,29,35
859,1,86
977,6,52
758,17,96
503,28,96
992,7,22
952,5,28
734,26,74
714,21,98
613,29,80
121,6,94
127,22,27
945,13,64
132,29,54
612,27,21
251,9,62
153,25,33
843,29,39
531,16,48
417,1,58
463,22,14
274,11,71
349,25,56
300,27,30
786,9,78
569,5,60
375,18,52
263,28,99
696,22,84
829,22,70
389,21,48
143,26,40
98,20,62
866,7,46
904,10,88
821,5,57
569,16,2
147,23,80
386,10,6
1000,30,23
819,9,28
795,17,65
103,7,67
592,12,7
579,19,31
696,21,80
877,17,26
410,26,67
563,27,4
140,21,43
628,21,33
903,24,51
870,4,57
246,9,61
78,8,45
34,2,69
700,13,83
501,22,38
361,18,41
596,22,96
272,29,79
209,22,54
359,20,8
557,25,89
342,4,45
243,5,32
401,28,20
234,15,10
172,10,97
772,21,67
73,2,15
203,18,3
315,2,2
491,21,21
591,18,54
393,10,62
68,1,35
219,4,75
999,17,83
353,30,91
19,15,42
567,3,60
765,20,42
311,6,5
234,24,98
389,21,97
241,29,12
494,16,92
247,13,14
112,16,23
891,27,2
978,20,57
70,4,95
952,2,67
246,9,82
466,2,43
388,12,10
517,3,28
340,8,76
100,13,92
759,29,49
993,3,40
409,11,66
705,24,76
108,15,86
299,7,52
923,6,80
240,26,92
379,1,27
1,17,5
906,3,77
183,14,37
749,6,94
180,17,79
403,30,58
586,21,89
423,26,7
685,8,53
389,22,28
130,8,72
466,9,19
104,5,62
896,23,44
983,12,36
379,9,100
184,16,28
616,5,70
765,16,97
470,10,29
846,21,62
358,12,2
359,15,39
210,21,93
315,1,60
213,15,9
502,19,16
447,11,94
519,17,30
839,20,14
667,16,92
381,29,83
693,26,81
141,9,21
701,17,44
926,23,79
924,22,32
182,23,26
501,11,50
635,17,42
528,20,66
665,2,92
145,23,11
946,20,27
457,13,19
910,10,53
340,19,71
176,10,82
436,27,53
618,13,1
650,14,59
494,26,90
329,24,48
49,8,7
850,29,91
36,29,53
380,23,36
723,24,81
212,6,4
216,29,24
959,7,41
726,1,80
282,1,63
460,6,92
986,1,97
928,24,94
292,4,92
233,12,37
884,26,82
284,28,28
916,21,3
295,30,81
424,29,87
374,14,5
758,17,41
125,29,3
519,5,95
596,1,25
656,23,61
367,18,11
906,13,15
87,18,96
117,27,58
347,27,60
137,17,38
237,12,37
211,17,49
131,14,61
392,3,71
787,22,53
407,15,30
961,25,59
539,30,38
633,30,46
230,23,25
119,13,93
106,17,16
307,4,83
355,18,20
166,8,14
442,10,83
783,22,12
363,10,15
542,20,74
193,1,27
799,16,13
234,27,35
840,28,66
310,5,60
431,9,1
423,5,97
565,21,16
274,21,64
750,10,35
180,13,52
306,15,20
885,3,18
841,27,20
925,24,82
759,8,28
325,14,52
205,15,6
289,5,59
310,16,54
667,29,80
503,5,99
789,25,11
789,30,22
669,18,40
983,4,26
695,30,85
593,12,18
913,22,7
986,3,7
135,12,19
988,1,37
65,14,8
52,6,55
295,2,84
648,1,34
173,4,46
885,28,80
424,9,78
243,8,92
529,7,82
989,28,30
471,24,65
72,12,9
187,25,32
267,23,57
755,9,28
989,22,70
470,25,40
444,30,72
144,10,74
31,20,12
245,30,14
591,2,25
146,4,75
426,29,24
392,28,95
696,10,6
138,15,31
470,14,50
992,25,52
309,30,100
290,30,22
547,15,70
879,4,64
507,29,49
851,29,45
502,22,99
543,19,91
698,23,5
789,17,22
125,1,41
707,25,21
904,2,46
221,20,92
709,24,44
701,17,4
580,22,4
77,18,48
507,8,23
301,2,24
450,14,7
214,2,3
481,15,27
403,7,36
581,15,18
194,10,35
504,18,91
965,20,4
585,24,76
488,4,90
76,7,70
100,24,59
540,28,77
759,27,96
909,16,1
706,24,32
185,25,22
524,18,13
331,19,14
31,4,60
379,1,2
999,15,60
75,24,15
515,8,83
409,3,55
420,9,71
56,16,69
638,5,87
421,9,57
993,24,34
762,5,30
361,2,86
211,20,32
887,3,47
496,9,36
481,23,99
818,7,54
911,21,80
268,13,84
862,21,33
511,25,34
34,14,75
546,13,85
300,7,28
367,3,81
553,8,51
395,20,68
702,6,45
176,13,73
354,3,40
826,24,84
772,2,25
785,9,3
250,12,17
304,19,26
106,20,45
51,24,59
741,24,46
440,3,49
167,13,16
877,7,16
904,25,49
732,28,19
965,5,39
445,27,35
239,23,73
430,21,99
265,30,50
52,25,72
320,6,74
994,13,18
912,4,46
595,25,41
162,2,18
527,16,16
843,18,87
46,18,86
100,24,31
174,27,40
584,30,78
808,24,36
302,17,24
468,1,92
238,7,91
648,29,31
396,1,5
317,26,37
858,17,100
98,28,91
794,10,52
405,23,10
737,16,91
693,17,39
615,10,79
489,18,91
440,22,9
974,10,74
116,12,15
335,20,89
159,15,19
412,23,4
633,27,94
958,12,62
944,3,97
595,6,34
440,12,15
467,24,28
260,24,23
404,30,5
162,27,4
698,18,29
91,2,42
810,7,59
810,1,27
457,30,14
682,12,53
287,20,81
589,3,7
616,1,59
42,3,89
659,26,89
553,23,20
339,6,68
473,9,38
766,22,50
62,20,52
658,27,1
981,25,98
35,16,71
471,26,27
524,13,16
743,17,12
587,18,76
650,24,47
325,5,65
979,24,68
8,8,7
157,18,86
698,22,21
325,23,23
77,9,41
645,22,56
522,22,64
540,7,41
30,7,99
308,16,20
356,15,59
831,15,31
45,2,91
980,26,4
673,13,10
792,14,14
600,11,83
250,11,60
514,2,4
49,28,62
85,24,55
862,4,82
966,25,90
429,1,54
913,19,39
919,11,82
893,15,45
829,6,51
324,10,91
188,23,37
210,3,88
650,8,40
623,30,19
62,15,71
468,18,82
274,11,39
688,9,32
954,20,97
881,6,31
259,6,81
103,24,77
993,9,33
230,29,13
382,26,32
987,18,97
736,3,31
581,9,28
295,1,81
310,29,67
276,1,47
899,8,28
186,10,71
512,7,39
947,20,49
647,29,67
24,20,1
520,15,52
516,25,46
210,15,60
520,20,99
796,30,43
366,12,87
661,21,72
23,29,38
933,11,70
339,7,13
884,30,85
521,8,11
947,25,14
428,30,63
714,19,55
695,25,8
522,28,32
566,28,1
30,28,37
45,26,80
339,28,90
735,25,32
151,16,98
930,7,19
901,4,90
295,18,95
555,7,79
570,27,19
165,4,9
942,27,67
578,5,66
880,25,67
684,30,60
121,3,74
613,24,99
849,18,68
240,27,36
787,8,82
33,23,51
926,20,53
354,10,84
866,5,21
144,6,52
840,9,76
165,22,88
137,27,57
707,13,3
480,15,68
60,16,11
474,27,34
448,25,49
350,28,81
784,22,84
467,27,6
43,12,58
516,6,47
701,15,13
789,18,8
820,18,10
582,16,55
94,12,89
478,8,84
998,5,88
19,27,11
625,30,15
556,7,83
477,14,66
76,2,41
335,8,72
976,7,30
303,24,66
891,11,98
287,25,67
67,6,66
487,5,3
941,22,77
848,4,6
727,30,47
808,14,33
732,9,35
929,20,49
682,21,42
165,2,54
952,24,43
834,8,45
771,23,29
727,25,29
482,7,59
49,22,13
712,24,54
25,21,65
166,27,57
314,29,39
738,22,59
238,26,31
663,5,18
110,15,70
251,21,65
161,14,14
996,20,81
242,8,83
220,20,14
562,8,34
306,28,27
543,15,63
851,9,64
901,8,27
693,5,57
791,23,99
472,6,91
883,12,44
978,24,48
977,10,68
720,17,13
116,29,6
29,28,85
387,17,14
740,26,21
59,10,89
56,5,81
713,6,41
756,18,37
592,18,19
916,4,93
279,6,36
342,11,39
982,20,88
867,16,38
994,19,36
192,19,57
587,11,81
753,26,2
770,13,96
900,2,99
642,10,60
564,9,84
403,7,68
599,15,92
276,28,42
882,2,97
821,27,4
86,17,56
503,10,74
421,11,91
389,28,40
615,4,81
391,17,68
450,21,61
482,2,82
97,14,50
343,4,54
878,30,93
499,7,18
947,8,90
932,27,72
172,14,64
213,5,61
968,13,67
929,6,68
695,22,88
39,17,72
593,27,24
231,18,67
874,7,56
27,3,97
216,15,19
412,18,23
793,4,2
540,5,77
751,12,87
290,24,10
820,22,95
174,24,3
89,22,29
77,14,45
89,27,57
438,28,55
556,18,99
188,18,95
582,27,92
407,30,66
124,25,77
807,5,29
17,25,1
136,17,47
932,19,23
315,3,75
288,4,15
852,27,65
398,19,60
769,20,15
460,14,74
206,14,89
560,22,91
391,21,40
572,27,87
690,15,14
783,24,45
439,28,54
614,27,82
589,26,36
108,12,65
513,25,52
890,18,48
590,13,98
722,19,19
285,27,34
847,12,65
79,17,53
997,26,31
392,22,20
574,25,64
380,26,15
647,1,43
866,12,1
340,20,73
356,2,3
473,23,70
504,24,51
305,13,84
788,15,40
963,28,6
822,25,42
905,15,6
741,14,89
324,29,57
432,14,84
791,3,70
668,11,86
986,6,45
17,19,59
363,25,96
984,29,70
196,2,82
590,3,47
630,12,25
87,29,25
293,9,34
797,6,89
103,28,9
940,15,64
920,18,29
718,29,7
447,8,23
569,4,47
351,4,76
276,14,83
554,8,47
623,25,4
300,25,6
854,27,55
176,5,16
517,24,29
32,13,36
393,24,60
888,12,5
759,5,78
76,13,16
530,18,52
62,10,30
230,10,10
869,16,41
719,10,71
753,2,51
791,26,2
871,23,94
105,23,79
354,21,69
665,7,28
70,6,30
540,3,1
42,19,83
551,18,56
46,15,13
186,6,38
160,10,34
119,7,5
23,24,94
978,24,74
277,16,78
807,25,97
615,28,29
434,30,20
889,22,71
433,18,96
341,16,53
432,5,8
686,12,81
360,9,95
777,19,42
251,18,63
463,28,56
192,30,66
165,13,3
320,6,25
415,10,89
110,30,55
243,25,4
767,17,83
476,29,72
695,26,86
94,19,85
431,4,18
892,9,50
622,22,25
709,11,19
537,24,74
746,8,94
480,5,87
779,30,80
697,16,56
223,17,4
997,28,78
527,14,69
516,20,94
279,28,96
969,26,74
568,21,3
293,4,14
717,17,60
317,9,46
712,23,39
281,19,44
84,19,61
895,26,25
404,17,79
355,13,30
51,23,96
812,25,29
747,14,41
385,11,25
439,28,75
733,10,97
659,11,41
41,28,40
905,12,52
604,7,76
190,24,26
609,21,62
878,21,100
937,6,64
935,16,60
220,25,86
935,2,73
393,28,17
605,25,41
882,2,48
318,29,53
111,10,21
855,3,47
542,17,36
357,29,34
683,22,55
729,23,71
599,5,67
489,26,32
679,5,97
664,4,12
795,9,24
114,20,83
381,21,85
812,23,20
203,2,28
924,14,49
495,30,18
465,27,15
238,1,77
17,26,52
760,25,94
844,22,100
534,20,48
224,10,77
732,12,1
268,2,40
366,7,90
672,11,52
951,21,97
965,16,27
750,9,66
430,30,57
289,30,20
36,19,59
299,30,36
862,23,10
114,18,50
128,28,69
779,5,78
871,16,15
541,9,87
369,26,2
474,4,77
537,26,42
297,1,2
726,21,95
620,4,29
113,22,56
829,9,6
763,21,20
233,26,65
364,30,66
319,12,73
623,18,21
735,16,14
402,13,48
354,7,80
505,9,91
18,3,14
406,8,12
414,21,28
48,10,56
427,20,39
942,8,79
623,8,86
455,25,17
501,9,63
527,7,15
550,4,45
321,4,44
906,1,19
982,26,77
214,24,13
326,2,72
8,9,92
695,26,80
716,16,76
281,8,95
479,27,96
90,9,53
361,8,94
366,7,4
531,26,97
639,23,89
774,23,72
154,3,9
407,11,87
151,14,80
702,22,60
844,11,33
543,7,67
225,2,49
312,8,99
710,23,86
346,7,32
617,23,8
578,20,94
133,19,50
440,8,7
769,16,21
501,4,74
220,14,26
645,4,33
119,5,16
583,26,4
317,8,46
801,19,9
803,17,60
71,24,44
128,30,23
689,7,83
803,3,67
806,25,50
814,30,6
21,2,1
858,8,35
552,29,29
320,5,33
700,2,73
838,17,27
972,5,11
392,9,82
365,28,30
566,17,22
311,17,59
972,9,88
582,4,98
297,12,5
144,11,30
621,12,1
845,8,85
935,5,8
984,24,41
915,13,96
831,25,32
827,15,34
64,20,43
567,3,82
303,25,29
279,6,14
176,21,78
334,27,57
755,27,68
785,21,78
593,16,24
580,23,58
79,30,14
563,29,79
573,25,51
946,25,92
690,5,87
939,22,86
87,26,23
817,15,71
716,7,59
847,21,99
575,29,46
49,18,83
771,5,35
989,1,60
18,13,13
452,2,55
879,14,49
158,9,90
785,3,11
904,25,54
334,4,75
678,1,82
739,26,82
559,26,30
414,17,69
577,3,83
185,3,21
327,19,61
712,10,41
787,21,93
739,27,71
932,30,80
652,15,59
105,19,92
314,18,87
91,21,1
11,18,29
505,18,55
38,14,85
910,10,97
77,13,68
241,23,68
293,6,98
656,5,25
273,8,14
321,1,97
20,11,29
901,8,52
710,16,4
365,16,9
576,13,91
76,25,58
430,27,11
106,13,65
804,15,26
914,1,42
295,15,62
155,1,76
93,4,75
231,9,26
33,21,48
406,5,51
581,11,44
343,22,21
23,24,54
994,25,100
320,8,39
562,6,46
766,23,58
390,6,84
442,28,60
982,26,42
753,15,17
824,12,25
451,29,80
540,8,36
690,8,16
251,18,35
310,3,91
317,6,99
261,9,3
216,14,40
19,12,92
531,18,47
366,29,37
306,22,63
148,24,5
980,18,93
574,22,57
986,17,6
187,11,48
893,13,62
509,22,46
859,28,73
60,27,86
274,4,75
311,15,58
746,17,42
88,17,83
153,8,77
844,25,39
990,10,18
470,7,79
585,12,52
837,25,23
354,15,99
348,12,33
986,22,94
26,30,71
918,2,42
204,13,37
124,9,72
377,14,8
648,2,49
596,28,53
197,24,7
234,14,6
321,17,91
301,30,77
156,9,12
71,1,48
504,9,78
35,9,18
238,13,75
987,25,67
761,27,61
28,8,30
919,8,1
435,2,90
643,13,24
571,7,79
442,26,100
61,1,74
82,19,75
222,10,86
809,11,1
975,2,50
736,1,87
680,19,75
926,20,26
448,26,70
809,19,38
772,22,95
879,8,68
190,17,37
869,14,7
652,12,87
521,27,77
43,7,59
90,12,13
700,2,83
96,10,20
182,5,54
522,20,44
608,27,53
53,18,12
749,9,30
18,25,54
595,30,81
388,5,14
352,28,77
139,11,38
972,11,16
394,19,73
20,9,49
257,23,24
213,20,42
656,21,25
664,18,82
140,21,54
585,13,99
373,13,96
588,27,23
492,13,43
580,22,25
481,6,69
806,1,51
613,19,70
824,4,34
583,11,12
744,19,76
903,11,56
597,22,93
446,28,61
375,15,81
153,21,78
220,27,98
511,11,37
838,8,7
426,19,37
231,26,21
988,28,13
739,5,61
555,18,35
780,20,61
150,5,97
529,2,100
624,11,36
916,4,43
368,30,1
876,14,1
266,26,16
468,27,29
72,13,93
320,15,61
998,7,91
786,4,84
532,18,3
251,18,31
921,28,76
978,20,91
947,17,58
66,29,87
576,25,89
819,5,37
559,14,17
68,4,69
96,11,65
226,20,44
519,1,66
724,29,47
729,12,67
69,25,54
326,19,41
272,11,19
984,1,73
348,9,49
184,17,41
657,28,78
521,6,1
921,27,62
491,12,67
939,13,54
385,2,68
568,19,21
571,21,85
664,1,73
824,30,49
855,1,88
788,20,6
838,13,91
672,28,49
721,24,25
451,28,47
538,17,43
989,27,25
570,18,34
197,28,48
88,8,58
290,26,66
150,30,59
732,23,8
349,11,50
909,20,60
231,17,59
853,6,51
628,12,4
946,23,62
860,11,27
635,28,14
120,6,55
409,20,6
465,29,12
847,14,13
935,30,69
365,21,16
570,3,5
656,27,95
154,3,24
788,24,20
564,12,40
281,8,17
371,1,4
60,10,13
964,21,24
424,29,75
187,1,82
287,18,5
311,15,6
395,13,74
466,18,60
972,27,31
600,20,73
249,28,80
773,11,84
673,11,6
569,30,1
967,12,7
581,8,88
25,26,38
476,19,6
688,25,66
386,13,92
148,29,59
32,23,96
718,20,65
423,18,48
169,29,75
949,24,81
919,13,81
618,16,35
12,10,71
28,29,85
113,2,42
334,6,49
791,10,47
513,28,88
258,22,55
44,10,94
181,20,1
286,23,45
141,10,7
991,27,95
378,30,51
840,25,100
387,22,14
881,25,86
687,29,16
307,1,70
245,23,66
692,18,76
796,26,91
687,22,51
302,3,95
364,20,74
511,19,85
786,20,100
901,27,22
843,11,61
417,5,57
532,14,64
715,28,13
806,26,48
888,16,86
646,26,63
319,26,82
160,21,89
730,6,50
21,13,80
750,29,32
478,27,28
142,13,12
747,29,13
989,22,66
553,25,7
613,16,86
946,24,57
857,2,56
117,15,94
840,2,86
992,22,18
962,29,2
809,16,87
861,17,69
89,26,45
701,5,26
311,15,29
887,23,88
525,15,41
148,15,69
492,26,31
377,7,15
918,15,55
573,11,98
794,24,76
93,30,35
745,28,44
142,16,8
878,23,12
835,17,94
98,12,95
298,12,77
6,23,49
905,5,97
658,20,50
512,12,4
568,4,27
539,5,3
239,28,53
486,7,16
984,19,17
421,19,24
626,14,58
528,19,44
919,17,95
719,23,3
92,12,72
160,6,9
787,14,66
951,2,38
252,25,90
915,12,55
23,13,53
526,21,51
52,10,88
951,22,99
41,5,67
714,18,9
430,11,91
930,22,97
82,3,62
826,18,35
991,10,42
688,8,65
985,12,35
928,12,6
555,8,78
23,9,53
209,21,25
503,3,26
278,12,48
997,1,37
188,27,6
410,21,26
631,20,86
25,16,62
619,7,93
608,16,45
862,15,97
159,1,95
269,19,90
785,11,37
306,6,99
974,3,41
554,25,92
913,23,18
307,11,49
622,4,33
4,28,7
984,7,88
104,27,83
653,24,73
64,16,97
291,21,56
594,11,71
138,9,18
359,9,61
506,23,53
576,13,98
305,21,82
159,19,19
884,26,59
533,23,58
36,2,29
774,5,96
802,3,48
346,23,43
150,4,5
14,8,78
568,19,42
8,4,21
12,22,10
111,4,10
93,29,15
975,15,52
598,18,94
719,15,89
597,9,44
584,4,79
127,6,42
54,16,16
271,15,25
201,21,30
295,24,62
22,1,88
889,12,72
959,4,15
759,26,3
118,2,49
692,4,14
976,25,24
713,10,60
882,11,67
914,11,31
843,3,11
947,16,43
586,2,73
703,25,11
639,17,5
773,10,97
817,19,32
670,26,51
570,16,24
761,28,36
131,14,98
507,19,82
292,15,53
907,30,80
843,27,53
452,12,5
680,19,23
778,7,3
384,9,11
847,28,90
317,29,29
83,12,78
428,11,28
889,25,84
771,14,84
706,1,17
711,22,87
510,27,12
899,5,54
691,30,93
664,23,15
411,2,67
807,15,44
173,24,65
865,16,71
342,3,58
850,28,46
698,1,62
723,11,28
28,3,23
887,22,65
806,30,84
15,23,46
100,14,78
631,12,83
24,3,75
69,14,56
59,1,74
14,27,46
128,8,8
961,23,33
689,8,68
424,22,53
283,10,47
915,6,63
750,25,38
732,29,7
650,22,7
735,12,33
779,29,94
67,11,28
199,19,70
986,30,56
760,10,24
328,9,62
63,8,72
651,4,8
168,20,25
455,18,2
845,16,11
922,19,87
40,11,46
22,20,93
421,2,51
400,6,98
376,16,89
286,16,75
431,11,42
986,6,32
46,12,66
406,4,85
963,11,30
283,16,23
30,25,54
446,9,14
332,18,79
214,5,81
224,23,75
886,11,32
802,21,86
809,22,37
661,5,4
544,11,2
812,26,54
845,6,25
449,28,17
613,7,1
918,29,21
843,23,80
976,3,19
505,25,46
227,29,68
815,26,71
903,25,41
460,8,71
608,27,74
243,8,76
302,18,85
145,8,4
909,7,70
980,12,74
634,28,74
756,27,84
137,12,8
67,13,78
314,19,47
825,9,42
464,6,29
101,14,64
368,4,39
49,30,25
675,25,16
413,16,28
327,29,78
4,6,28
240,17,42
965,25,19
311,25,46
711,27,73
86,5,78
214,10,83
868,4,56
681,19,54
153,2,31
392,30,29
927,21,71
406,2,62
485,3,18
128,19,71
107,11,65
638,24,83
165,20,58
855,30,51
432,12,16
209,14,80
222,25,69
883,13,27
753,27,57
666,18,6
229,16,92
416,23,85
320,11,17
45,28,11
878,19,85
820,12,2
595,6,68
731,7,27
179,12,64
940,28,9
91,10,85
905,5,18
772,26,61
327,22,65
648,7,90
187,29,9
990,12,58
272,15,73
839,20,8
54,25,66
877,30,14
560,27,46
666,21,72
654,13,11
123,13,87
367,3,83
769,29,59
16,3,88
90,4,69
290,15,81
873,29,69
547,22,98
813,9,88
60,27,80
346,29,50
965,12,74
196,29,23
730,28,68
475,23,48
541,7,29
257,7,29
80,1,72
174,25,24
302,8,28
310,4,100
951,20,6
606,26,95
115,3,61
746,6,50
990,8,62
716,5,75
242,8,99
417,28,50
763,28,99
688,9,44
353,27,51
841,3,44
424,5,74
398,20,69
911,28,69
461,12,4
616,9,39
233,10,10
918,29,33
236,19,49
174,2,16
385,1,70
22,12,4
205,23,34
82,29,8
714,17,47
172,10,91
340,15,96
79,3,49
697,8,77
384,29,65
70,13,72
742,20,38
208,5,13
402,22,100
516,17,63
878,29,81
397,20,84
275,16,21
476,28,28
694,13,32
794,3,29
647,28,70
41,7,98
443,19,82
516,24,55
587,1,79
391,17,74
111,9,49
560,27,52
814,21,73
170,6,33
939,22,79
659,22,3
192,28,5
864,23,35
929,30,100
794,14,77
230,2,56
85,9,50
435,27,84
32,14,100
949,27,2
766,27,79
770,22,66
191,15,26
258,25,77
262,14,9
510,5,86
823,4,24
703,10,27
128,11,29
933,11,13
401,10,22
57,24,70
302,22,14
398,8,43
488,9,45
540,12,75
191,28,40
670,22,94
112,15,61
145,11,97
833,24,28
168,15,81
290,17,26
798,25,28
32,21,47
316,14,88
647,4,32
240,16,82
727,19,28
11,3,52
212,14,100
825,20,16
601,13,89
642,30,42
994,26,91
615,17,77
516,7,29
417,25,12
436,7,97
622,5,38
887,7,31
825,10,25
231,11,62
159,30,40
716,12,89
508,11,36
867,27,62
567,17,90
129,28,41
210,6,83
549,8,50
429,25,92
219,9,13
429,15,52
680,25,21
624,5,78
729,17,68
619,16,73
2,4,44
207,5,66
650,13,81
378,9,34
316,24,95
33,10,4
510,16,96
427,5,12
754,8,52
409,2,88
426,14,75
494,8,88
225,2,1
748,29,77
928,6,6
829,27,74
142,10,55
479,11,97
523,26,8
412,2,48
539,29,80
884,10,87
225,28,29
253,3,9
312,15,83
241,14,17
374,10,65
720,17,41
784,16,38
309,22,38
911,25,44
763,13,40
191,2,34
565,15,32
322,14,74
33,23,19
646,10,44
571,16,49
547,18,88
338,17,72
582,26,33
929,11,77
687,16,4
876,25,93
138,26,59
163,22,82
78,5,2
354,2,100
851,26,41
3,20,99
831,10,7
122,15,16
136,25,17
653,23,34
979,6,26
988,17,40
447,15,26
343,9,5
593,25,68
430,1,88
11,17,51
381,29,49
376,3,78
883,14,35
684,25,62
138,12,88
382,24,12
743,27,66
390,16,28
48,12,27
696,27,94
879,3,20
29,26,92
659,25,52
716,2,52
827,18,89
847,13,5
37,5,89
254,9,9
33,3,18
356,24,55
20,29,93
44,22,16
878,20,56
823,15,56
556,27,35
243,19,80
836,25,28
501,15,92
752,20,62
334,21,36
579,18,79
643,10,88
974,6,85
108,9,18
319,22,50
898,21,20
993,21,6
676,26,81
97,11,27
861,5,12
555,24,48
858,9,28
198,14,10
429,24,40
254,17,79
387,14,41
353,10,20
367,23,24
16,5,62
927,3,39
230,21,67
28,7,3
452,5,20
673,16,84
761,1,77
663,29,94
652,9,58
953,4,77
965,21,100
310,12,20
230,5,82
985,28,37
520,2,57
947,1,49
254,15,96
714,6,50
545,18,59
900,6,30
420,17,36
322,23,3
989,26,72
216,1,74
116,18,96
384,11,97
323,13,72
183,26,31
127,18,97
567,30,10
20,12,44
294,13,55
888,5,46
794,9,79
798,13,40
228,16,14
255,7,54
634,11,68
582,16,4
646,4,6
731,15,90
655,2,4
215,25,90
283,16,37
822,8,7
875,26,13
279,9,85
871,27,3
819,8,78
762,1,90
382,12,42
353,5,81
635,28,38
14,15,78
704,4,62
819,18,41
853,16,13
169,2,3
810,19,49
500,16,64
285,13,42
238,26,17
562,2,89
371,17,51
568,24,60
340,21,27
620,20,17
254,15,3
491,20,91
349,15,73
212,5,66
307,11,5
854,3,46
597,27,66
443,17,95
591,25,99
171,19,95
322,20,22
521,7,93
31,28,54
315,25,55
894,19,7
881,30,52
779,26,77
664,30,23
770,4,39
68,5,56
231,1,74
432,26,7
560,26,42
846,11,28
25,16,91
451,25,59
777,4,17
802,23,54
164,25,30
855,10,25
396,26,100
989,27,2
494,28,98
944,25,87
260,28,54
606,7,14
654,8,58
169,6,12
242,6,48
104,13,82
549,27,9
53,15,11
292,6,31
933,10,85
64,7,60
11,12,82
744,23,23
150,30,85
224,16,83
632,30,71
981,20,51
390,19,31
114,16,35
455,29,88
626,3,19
223,19,34
151,26,74
255,13,97
454,4,55
40,14,97
634,9,36
947,23,56
185,5,9
715,7,31
390,1,92
172,6,34
827,29,80
90,23,81
177,6,55
5,8,38
237,7,82
745,3,75
249,17,22
663,13,22
834,27,86
269,17,60
555,28,63
987,1,96
431,30,61
301,13,15
467,20,34
970,3,16
504,28,28
240,22,21
262,15,7
201,30,24
928,2,15
183,17,46
935,30,61
289,14,41
584,1,22
298,4,21
409,22,76
758,19,60
587,18,58
2,4,7
870,24,37
937,11,78
263,5,36
369,4,71
322,6,9
107,14,62
536,12,68
365,14,1
530,14,80
908,27,25
112,19,51
49,30,57
310,15,23
426,1,28
4,25,15
897,29,50
85,14,22
751,3,56
37,30,44
690,20,98
798,5,24
277,11,62
265,14,38
722,10,57
476,13,53
487,21,56
567,25,92
83,3,8
89,8,38
49,1,22
736,26,90
292,11,3
92,19,21
618,15,66
954,30,43
336,29,58
149,7,53
751,7,1
942,3,70
920,8,98
121,17,85
634,20,69
324,23,5
384,19,52
385,26,4
500,30,9
254,2,86
885,11,16
409,24,71
269,25,98
990,7,18
198,27,42
198,29,29
539,2,87
733,17,53
490,5,69
735,6,94
364,3,96
833,19,42
739,19,24
729,2,34
397,18,62
335,19,95
798,10,29
840,9,99
69,1,90
430,25,93
800,2,55
456,9,66
282,14,55
404,3,86
955,27,58
154,4,87
138,30,58
259,23,45
409,23,91
533,24,35
69,18,50
419,14,4
915,22,82
875,21,65
788,12,96
494,6,91
307,24,47
347,8,19
894,11,80
604,1,70
220,5,18
991,21,60
30,3,21
286,28,27
234,26,89
601,8,24
507,10,38
79,17,8
246,7,37
335,28,4
534,29,32
432,10,41
260,22,52
182,4,22
141,24,46
404,16,85
461,20,54
989,13,73
97,22,25
388,8,12
812,28,51
970,20,89
463,16,94
450,10,61
419,4,59
405,21,9
141,7,16
886,3,83
163,27,92
52,5,74
901,4,14
518,12,9
357,2,32
732,23,90
911,3,18
81,8,69
578,16,16
925,4,27
378,16,45
306,19,62
220,19,55
676,16,43
519,6,56
844,9,82
195,21,4
14,29,17
874,1,18
108,1,27
318,7,78
464,4,22
551,18,65
342,4,58
455,6,14
621,22,60
155,30,87
521,13,57
68,12,40
307,20,77
951,4,60
317,5,71
912,26,66
622,21,41
158,24,57
763,3,43
105,16,30
209,15,32
761,8,18
562,8,48
121,13,21
291,22,90
746,11,67
11,10,83
228,16,57
406,1,45
608,7,53
353,12,25
148,5,81
39,6,50
386,24,60
113,22,42
865,15,55
5,13,34
917,27,53
525,14,99
157,6,66
554,5,1
766,10,33
709,23,45
963,17,57
778,6,49
570,9,24
11,13,27
250,2,67
656,25,78
785,17,28
866,17,3
38,9,49
300,11,43
930,2,82
402,22,96
170,2,95
462,27,33
538,16,68
772,6,7
8,4,84
413,26,6
494,1,99
358,24,33
143,23,7
199,2,15
283,10,38
477,7,89
567,7,97
103,7,66
375,2,12
864,2,96
778,27,49
207,8,94
936,10,45
819,13,29
575,18,23
592,15,79
343,9,42
722,7,17
104,14,92
648,8,2
190,1,45
508,8,10
955,12,65
994,22,87
769,16,73
944,13,11
112,7,38
399,14,67
245,11,14
371,10,45
194,7,34
644,1,37
185,11,63
243,13,100
785,1,49
551,11,37
401,23,30
329,2,40
30,29,75
465,22,10
419,2,83
140,8,91
